[{"id":"1","profile_photo":"http:\/\/basic.test\/wp-content\/uploads\/2020\/08\/andi.jpg","last_name":"Szlavati","first_name":"Andrea","phone":"+36302606411","email":"szlavati.andrea.lyo@gmail.com","position":"CEO, tulajdonos","department":"vezet\u0151k","works_since":"2020-01-01"},{"id":"2","profile_photo":"http:\/\/basic.test\/wp-content\/uploads\/2020\/08\/andris.jpg","last_name":"Gul\u00e1csi","first_name":"Andr\u00e1s","phone":"+36204427225","email":"guland@protonmail.com","position":"Fejleszt\u0151, Admin","department":"fejleszt\u0151k","works_since":"2020-08-06"},{"id":"3","profile_photo":"http:\/\/basic.test\/wp-content\/uploads\/2020\/08\/jani.jpg_6","last_name":"Vicsek","first_name":"J\u00e1nos","phone":"+36201111255","email":"jani@gmail.com","position":"T\u00e1rs-CEO, t\u00e1ncos","department":"vezet\u0151k","works_since":"2020-01-01"}]